review,sentiment
Quality is fair considering the price.,neutral
It is very efficient and saves time.,positive
Battery life is excellent and long-lasting.,positive
"Average quality, meets basic expectations.",neutral
"Waste of money, do not recommend.",negative
"Delivery was on time, as expected.",neutral
"Leaks water, not worth the price.",negative
"Average quality, meets basic expectations.",neutral
Sound quality is crisp and clear.,positive
"Absolutely love this product, highly recommended!",positive
Completely stopped working after a week.,negative
"The build quality is moderate, not premium.",neutral
"Works exactly as described, happy with it.",positive
"Average quality, meets basic expectations.",neutral
The product looks as shown in the pictures.,neutral
The item broke after a few uses.,negative
"Not as described, quality is poor.",negative
Lightweight and very comfortable to use.,positive
Very durable and well-made product.,positive
Software issues make it unusable.,negative
"Had missing parts, very frustrating.",negative
It arrived late with scratches.,negative
Battery life is excellent and long-lasting.,positive
Fantastic quality and fast delivery.,positive
"The item works fine, but nothing outstanding.",neutral
It is very efficient and saves time.,positive
Buttons are not working properly.,negative
Usable but lacks advanced features.,neutral
Usable but lacks advanced features.,neutral
Buttons are not working properly.,negative
Very flimsy and cheap material.,negative
It's an okay option for temporary use.,neutral
The color and design are beautiful.,positive
It's an okay option for temporary use.,neutral
"Stopped working within a week, very disappointed.",negative
It's an okay option for temporary use.,neutral
"The build quality is moderate, not premium.",neutral
Fantastic quality and fast delivery.,positive
"Not as described, quality is poor.",negative
"Basic functionality, does the job.",neutral
Very flimsy and cheap material.,negative
"Very satisfied with the purchase, worth the price.",positive
"Battery drains very quickly, poor performance.",negative
"Stopped working within a week, very disappointed.",negative
"Battery drains very quickly, poor performance.",negative
"Waste of money, do not recommend.",negative
It arrived late with scratches.,negative
"I got what I paid for, nothing more.",neutral
Battery life is excellent and long-lasting.,positive
"Exceeded my expectations, will buy again.",positive
Customer support was very responsive.,positive
"Absolutely love this product, highly recommended!",positive
Does not perform as advertised.,negative
Quality is fair considering the price.,neutral
"Color faded after one wash, very low quality.",negative
Camera quality is excellent for the price.,positive
"Had missing parts, very frustrating.",negative
"Not as described, quality is poor.",negative
Highly recommend for anyone looking for quality.,positive
Buttons are not working properly.,negative
Neutral experience with this purchase.,neutral
"Very satisfied with the purchase, worth the price.",positive
"Perfect for daily use, reliable.",positive
The item broke after a few uses.,negative
Satisfactory for occasional use.,neutral
"Perfect for daily use, reliable.",positive
The product arrived damaged and used.,negative
Software issues make it unusable.,negative
Does not perform as advertised.,negative
"The product is okay, nothing special.",neutral
"Great build quality, feels premium.",positive
"Overheats quickly, unsafe to use.",negative
"Leaks water, not worth the price.",negative
Buttons are not working properly.,negative
"Good value, I use it every day.",positive
"Very satisfied with the purchase, worth the price.",positive
Very durable and well-made product.,positive
"Stopped working within a week, very disappointed.",negative
"It makes a lot of noise, annoying to use.",negative
"Basic functionality, does the job.",neutral
"Very satisfied with the purchase, worth the price.",positive
Satisfactory for occasional use.,neutral
The product arrived damaged and used.,negative
"Delivery was on time, as expected.",neutral
Battery life is excellent and long-lasting.,positive
Very flimsy and cheap material.,negative
The item broke after a few uses.,negative
The product arrived damaged and used.,negative
Installation was quick and easy.,positive
"Color faded after one wash, very low quality.",negative
Neutral experience with this purchase.,neutral
"Average quality, meets basic expectations.",neutral
Very useful and easy to operate.,positive
"Great build quality, feels premium.",positive
Fantastic quality and fast delivery.,positive
"The product smells bad, cannot use it.",negative
"Absolutely love this product, highly recommended!",positive
It's acceptable for the price point.,neutral
Battery life is excellent and long-lasting.,positive
"Basic functionality, does the job.",neutral
Lightweight and very comfortable to use.,positive
It serves the purpose adequately.,neutral
"Battery drains very quickly, poor performance.",negative
Lightweight and very comfortable to use.,positive
Lightweight and very comfortable to use.,positive
"Stopped working within a week, very disappointed.",negative
A decent product if you are not expecting much.,neutral
Battery life is excellent and long-lasting.,positive
"Leaks water, not worth the price.",negative
Neutral experience with this purchase.,neutral
"Leaks water, not worth the price.",negative
"Color faded after one wash, very low quality.",negative
The color and design are beautiful.,positive
"Color faded after one wash, very low quality.",negative
It performs decently for general use.,neutral
Fantastic quality and fast delivery.,positive
Satisfactory for occasional use.,neutral
"It makes a lot of noise, annoying to use.",negative
"The build quality is moderate, not premium.",neutral
Installation was quick and easy.,positive
"Packaging was standard, nothing to note.",neutral
Customer support was very responsive.,positive
Usable but lacks advanced features.,neutral
Fantastic quality and fast delivery.,positive
"I got what I paid for, nothing more.",neutral
Does not perform as advertised.,negative
"Works exactly as described, happy with it.",positive
"Average quality, meets basic expectations.",neutral
The product looks as shown in the pictures.,neutral
Fantastic quality and fast delivery.,positive
"Delivery was on time, as expected.",neutral
"The item works fine, but nothing outstanding.",neutral
Buttons are not working properly.,negative
"Average quality, meets basic expectations.",neutral
Customer support was unhelpful.,negative
"Overheats quickly, unsafe to use.",negative
"It makes a lot of noise, annoying to use.",negative
Customer support was unhelpful.,negative
Stopped charging within a month.,negative
The product looks as shown in the pictures.,neutral
The product arrived damaged and used.,negative
Lightweight and very comfortable to use.,positive
"Basic functionality, does the job.",neutral
The product looks as shown in the pictures.,neutral
"Perfect for daily use, reliable.",positive
Very durable and well-made product.,positive
Very useful and easy to operate.,positive
Packaging was neat and secure.,positive
The color and design are beautiful.,positive
"Good value, I use it every day.",positive
Buttons are not working properly.,negative
Battery life is excellent and long-lasting.,positive
Stopped charging within a month.,negative
Lightweight and very comfortable to use.,positive
Lightweight and very comfortable to use.,positive
A decent product if you are not expecting much.,neutral
"Packaging was standard, nothing to note.",neutral
"Works exactly as described, happy with it.",positive
It's acceptable for the price point.,neutral
Buttons are not working properly.,negative
Fantastic quality and fast delivery.,positive
Customer support was very responsive.,positive
It serves the purpose adequately.,neutral
"Had missing parts, very frustrating.",negative
Customer support was unhelpful.,negative
"Had missing parts, very frustrating.",negative
"Had missing parts, very frustrating.",negative
"Absolutely love this product, highly recommended!",positive
Camera quality is excellent for the price.,positive
"The product smells bad, cannot use it.",negative
Fantastic quality and fast delivery.,positive
"Neither too good nor too bad, just fine.",neutral
"Waste of money, do not recommend.",negative
It serves the purpose adequately.,neutral
Quality is fair considering the price.,neutral
"Battery drains very quickly, poor performance.",negative
It's an okay option for temporary use.,neutral
"Waste of money, do not recommend.",negative
The item broke after a few uses.,negative
"Absolutely love this product, highly recommended!",positive
Camera quality is excellent for the price.,positive
Customer support was unhelpful.,negative
Installation was quick and easy.,positive
The color and design are beautiful.,positive
"Delivery was on time, as expected.",neutral
"Not as described, quality is poor.",negative
Customer support was very responsive.,positive
"Very satisfied with the purchase, worth the price.",positive
"I got what I paid for, nothing more.",neutral
Stopped charging within a month.,negative
"Neither too good nor too bad, just fine.",neutral
"The product smells bad, cannot use it.",negative
Battery life is excellent and long-lasting.,positive
Camera quality is excellent for the price.,positive
Sound quality is crisp and clear.,positive
"Absolutely love this product, highly recommended!",positive
Completely stopped working after a week.,negative
"Waste of money, do not recommend.",negative
"The product smells bad, cannot use it.",negative
Usable but lacks advanced features.,neutral
"Exceeded my expectations, will buy again.",positive
Completely stopped working after a week.,negative
Installation was quick and easy.,positive
"Exceeded my expectations, will buy again.",positive
"Good value, I use it every day.",positive
The color and design are beautiful.,positive
Very useful and easy to operate.,positive
Software issues make it unusable.,negative
"Very satisfied with the purchase, worth the price.",positive
Customer support was very responsive.,positive
"Stopped working within a week, very disappointed.",negative
Quality is fair considering the price.,neutral
Highly recommend for anyone looking for quality.,positive
"Color faded after one wash, very low quality.",negative
"Not as described, quality is poor.",negative
"Exceeded my expectations, will buy again.",positive
Highly recommend for anyone looking for quality.,positive
Fantastic quality and fast delivery.,positive
Lightweight and very comfortable to use.,positive
"Perfect for daily use, reliable.",positive
Battery life is excellent and long-lasting.,positive
"Not as described, quality is poor.",negative
"Had missing parts, very frustrating.",negative
"Overheats quickly, unsafe to use.",negative
"Delivery was on time, as expected.",neutral
"Works exactly as described, happy with it.",positive
"I got what I paid for, nothing more.",neutral
Fantastic quality and fast delivery.,positive
Neutral experience with this purchase.,neutral
"The product smells bad, cannot use it.",negative
It's acceptable for the price point.,neutral
Customer support was very responsive.,positive
"The product smells bad, cannot use it.",negative
"The build quality is moderate, not premium.",neutral
"I got what I paid for, nothing more.",neutral
"Functionality is standard, neither good nor bad.",neutral
It serves the purpose adequately.,neutral
"Great build quality, feels premium.",positive
"It makes a lot of noise, annoying to use.",negative
"Overheats quickly, unsafe to use.",negative
"The product smells bad, cannot use it.",negative
Very flimsy and cheap material.,negative
It's acceptable for the price point.,neutral
"The item works fine, but nothing outstanding.",neutral
It performs decently for general use.,neutral
Quality is fair considering the price.,neutral
Very useful and easy to operate.,positive
It arrived late with scratches.,negative
Customer support was unhelpful.,negative
"Works exactly as described, happy with it.",positive
"This product is amazing, I loved it!",positive
"Worst purchase ever, completely disappointed.",negative
The quality is good for the price.,positive
"Terrible, broke after one use.",negative
Excellent value and fast delivery.,positive
Not worth the money.,negative
I am satisfied with this product.,positive
"Very bad quality, do not buy this.",negative
"Great experience, will buy again.",positive
The item arrived late and was damaged.,negative
"Fantastic product, highly recommend it.",positive
"I hate this product, waste of money.",negative
Pretty decent for the cost.,positive
Extremely poor customer service.,negative
"Loved it, exactly as described.",positive
Not as good as I expected.,negative
Fast shipping and great quality.,positive
"Terrible experience, returning it.",negative
"Works perfectly, happy with my purchase.",positive
The product is okay but delivery was slow.,neutral
"I got what I paid for, nothing more.",neutral
Installation was quick and easy.,positive
Battery life is excellent and long-lasting.,positive
Usable but lacks advanced features.,neutral
Installation was quick and easy.,positive
"Not as described, quality is poor.",negative
Fantastic quality and fast delivery.,positive
Sound quality is crisp and clear.,positive
It's acceptable for the price point.,neutral
Buttons are not working properly.,negative
Packaging was neat and secure.,positive
"The item works fine, but nothing outstanding.",neutral
Usable but lacks advanced features.,neutral
A decent product if you are not expecting much.,neutral
Neutral experience with this purchase.,neutral
"Works exactly as described, happy with it.",positive
It's an okay option for temporary use.,neutral
Very useful and easy to operate.,positive
Packaging was neat and secure.,positive
"Had missing parts, very frustrating.",negative
Customer support was unhelpful.,negative
It serves the purpose adequately.,neutral
Stopped charging within a month.,negative
"Not as described, quality is poor.",negative
Usable but lacks advanced features.,neutral
"The product smells bad, cannot use it.",negative
Completely stopped working after a week.,negative
"Exceeded my expectations, will buy again.",positive
Buttons are not working properly.,negative
"The item works fine, but nothing outstanding.",neutral
Software issues make it unusable.,negative
It is very efficient and saves time.,positive
Usable but lacks advanced features.,neutral
Neutral experience with this purchase.,neutral
"The item works fine, but nothing outstanding.",neutral
"Not as described, quality is poor.",negative
Very useful and easy to operate.,positive
Quality is fair considering the price.,neutral
"The build quality is moderate, not premium.",neutral
"Exceeded my expectations, will buy again.",positive
"I got what I paid for, nothing more.",neutral
"It makes a lot of noise, annoying to use.",negative
"Leaks water, not worth the price.",negative
"Works exactly as described, happy with it.",positive
The product arrived damaged and used.,negative
Packaging was neat and secure.,positive
Highly recommend for anyone looking for quality.,positive
Usable but lacks advanced features.,neutral
The color and design are beautiful.,positive
"Great build quality, feels premium.",positive
Software issues make it unusable.,negative
"Basic functionality, does the job.",neutral
"Perfect for daily use, reliable.",positive
"Perfect for daily use, reliable.",positive
"Exceeded my expectations, will buy again.",positive
It arrived late with scratches.,negative
"Battery drains very quickly, poor performance.",negative
Fantastic quality and fast delivery.,positive
Lightweight and very comfortable to use.,positive
"Absolutely love this product, highly recommended!",positive
Sound quality is crisp and clear.,positive
"Stopped working within a week, very disappointed.",negative
"Had missing parts, very frustrating.",negative
Camera quality is excellent for the price.,positive
"Very satisfied with the purchase, worth the price.",positive
Satisfactory for occasional use.,neutral
It's an okay option for temporary use.,neutral
It's acceptable for the price point.,neutral
"Packaging was standard, nothing to note.",neutral
"Perfect for daily use, reliable.",positive
"The build quality is moderate, not premium.",neutral
Very useful and easy to operate.,positive
Very durable and well-made product.,positive
"Packaging was standard, nothing to note.",neutral
"Basic functionality, does the job.",neutral
The item broke after a few uses.,negative
"The item works fine, but nothing outstanding.",neutral
"Stopped working within a week, very disappointed.",negative
"It makes a lot of noise, annoying to use.",negative
The product arrived damaged and used.,negative
"Works exactly as described, happy with it.",positive
Customer support was very responsive.,positive
"Stopped working within a week, very disappointed.",negative
"Works exactly as described, happy with it.",positive
"Waste of money, do not recommend.",negative
"Absolutely love this product, highly recommended!",positive
"Leaks water, not worth the price.",negative
Sound quality is crisp and clear.,positive
It serves the purpose adequately.,neutral
"Neither too good nor too bad, just fine.",neutral
A decent product if you are not expecting much.,neutral
It is very efficient and saves time.,positive
"The item works fine, but nothing outstanding.",neutral
"Average quality, meets basic expectations.",neutral
Battery life is excellent and long-lasting.,positive
"Battery drains very quickly, poor performance.",negative
"The item works fine, but nothing outstanding.",neutral
"The item works fine, but nothing outstanding.",neutral
"Battery drains very quickly, poor performance.",negative
"Color faded after one wash, very low quality.",negative
"Neither too good nor too bad, just fine.",neutral
Customer support was very responsive.,positive
"Very satisfied with the purchase, worth the price.",positive
Highly recommend for anyone looking for quality.,positive
Customer support was very responsive.,positive
"Great build quality, feels premium.",positive
It is very efficient and saves time.,positive
Installation was quick and easy.,positive
"Battery drains very quickly, poor performance.",negative
The item broke after a few uses.,negative
Installation was quick and easy.,positive
Quality is fair considering the price.,neutral
Neutral experience with this purchase.,neutral
"The product is okay, nothing special.",neutral
"Good value, I use it every day.",positive
"Functionality is standard, neither good nor bad.",neutral
"It makes a lot of noise, annoying to use.",negative
"Stopped working within a week, very disappointed.",negative
"Not as described, quality is poor.",negative
"Packaging was standard, nothing to note.",neutral
A decent product if you are not expecting much.,neutral
"Waste of money, do not recommend.",negative
"Works exactly as described, happy with it.",positive
A decent product if you are not expecting much.,neutral
"Basic functionality, does the job.",neutral
"Average quality, meets basic expectations.",neutral
Quality is fair considering the price.,neutral
The product looks as shown in the pictures.,neutral
Fantastic quality and fast delivery.,positive
"Battery drains very quickly, poor performance.",negative
"Not as described, quality is poor.",negative
"Absolutely love this product, highly recommended!",positive
"The product smells bad, cannot use it.",negative
It arrived late with scratches.,negative
"The item works fine, but nothing outstanding.",neutral
Very durable and well-made product.,positive
"Great build quality, feels premium.",positive
"I got what I paid for, nothing more.",neutral
Does not perform as advertised.,negative
"Basic functionality, does the job.",neutral
Customer support was unhelpful.,negative
Neutral experience with this purchase.,neutral
"Battery drains very quickly, poor performance.",negative
"Good value, I use it every day.",positive
Highly recommend for anyone looking for quality.,positive
"Neither too good nor too bad, just fine.",neutral
Lightweight and very comfortable to use.,positive
"Absolutely love this product, highly recommended!",positive
Fantastic quality and fast delivery.,positive
"The item works fine, but nothing outstanding.",neutral
A decent product if you are not expecting much.,neutral
"Not as described, quality is poor.",negative
Highly recommend for anyone looking for quality.,positive
Sound quality is crisp and clear.,positive
The product looks as shown in the pictures.,neutral
"Neither too good nor too bad, just fine.",neutral
"The build quality is moderate, not premium.",neutral
It arrived late with scratches.,negative
"Works exactly as described, happy with it.",positive
"Delivery was on time, as expected.",neutral
"Average quality, meets basic expectations.",neutral
"Works exactly as described, happy with it.",positive
"Absolutely love this product, highly recommended!",positive
It is very efficient and saves time.,positive
"Packaging was standard, nothing to note.",neutral
"Not as described, quality is poor.",negative
Customer support was unhelpful.,negative
Usable but lacks advanced features.,neutral
"Color faded after one wash, very low quality.",negative
Usable but lacks advanced features.,neutral
It arrived late with scratches.,negative
Completely stopped working after a week.,negative
Buttons are not working properly.,negative
Very flimsy and cheap material.,negative
Does not perform as advertised.,negative
Installation was quick and easy.,positive
Usable but lacks advanced features.,neutral
"Functionality is standard, neither good nor bad.",neutral
The item broke after a few uses.,negative
Buttons are not working properly.,negative
"Good value, I use it every day.",positive
Customer support was unhelpful.,negative
"Not as described, quality is poor.",negative
Customer support was unhelpful.,negative
Customer support was very responsive.,positive
"Basic functionality, does the job.",neutral
Neutral experience with this purchase.,neutral
"Basic functionality, does the job.",neutral
Neutral experience with this purchase.,neutral
Does not perform as advertised.,negative
Customer support was unhelpful.,negative
Highly recommend for anyone looking for quality.,positive
Stopped charging within a month.,negative
Customer support was unhelpful.,negative
Buttons are not working properly.,negative
A decent product if you are not expecting much.,neutral
"Waste of money, do not recommend.",negative
Customer support was unhelpful.,negative
"Very satisfied with the purchase, worth the price.",positive
"Had missing parts, very frustrating.",negative

"Perfect for daily use, reliable.",positive
Highly recommend for anyone looking for quality.,positive
Customer support was unhelpful.,negative
"The build quality is moderate, not premium.",neutral
Very useful and easy to operate.,positive
"I got what I paid for, nothing more.",neutral
"I got what I paid for, nothing more.",neutral
"Perfect for daily use, reliable.",positive
Very useful and easy to operate.,positive
"Had missing parts, very frustrating.",negative
Stopped charging within a month.,negative
"Had missing parts, very frustrating.",negative
Neutral experience with this purchase.,neutral
"Perfect for daily use, reliable.",positive
It arrived late with scratches.,negative
Customer support was unhelpful.,negative
Completely stopped working after a week.,negative
It's an okay option for temporary use.,neutral
"Basic functionality, does the job.",neutral
"Perfect for daily use, reliable.",positive
It arrived late with scratches.,negative
It serves the purpose adequately.,neutral
It serves the purpose adequately.,neutral
Quality is fair considering the price.,neutral
"Neither too good nor too bad, just fine.",neutral
Quality is fair considering the price.,neutral
Buttons are not working properly.,negative
It serves the purpose adequately.,neutral
Does not perform as advertised.,negative
Sound quality is crisp and clear.,positive
It is very efficient and saves time.,positive
"The product is okay, nothing special.",neutral
"I got what I paid for, nothing more.",neutral
"Good value, I use it every day.",positive
"Absolutely love this product, highly recommended!",positive
The product arrived damaged and used.,negative
"Average quality, meets basic expectations.",neutral
Usable but lacks advanced features.,neutral
"Color faded after one wash, very low quality.",negative
Camera quality is excellent for the price.,positive
Installation was quick and easy.,positive
Battery life is excellent and long-lasting.,positive
It performs decently for general use.,neutral
"The product is okay, nothing special.",neutral
Customer support was unhelpful.,negative
Does not perform as advertised.,negative
Customer support was very responsive.,positive
"The build quality is moderate, not premium.",neutral
Camera quality is excellent for the price.,positive
It's an okay option for temporary use.,neutral
"Stopped working within a week, very disappointed.",negative
It arrived late with scratches.,negative
The product arrived damaged and used.,negative
Very durable and well-made product.,positive
"The item works fine, but nothing outstanding.",neutral
It's an okay option for temporary use.,neutral
Software issues make it unusable.,negative
It is very efficient and saves time.,positive
"Works exactly as described, happy with it.",positive
"Leaks water, not worth the price.",negative
Customer support was unhelpful.,negative
Very durable and well-made product.,positive
"Good value, I use it every day.",positive
Fantastic quality and fast delivery.,positive
Fantastic quality and fast delivery.,positive
Stopped charging within a month.,negative
"Great build quality, feels premium.",positive
"Basic functionality, does the job.",neutral
"Basic functionality, does the job.",neutral
Lightweight and very comfortable to use.,positive
Battery life is excellent and long-lasting.,positive
"It makes a lot of noise, annoying to use.",negative
The product looks as shown in the pictures.,neutral
"The product smells bad, cannot use it.",negative
"Not as described, quality is poor.",negative
Camera quality is excellent for the price.,positive
Customer support was very responsive.,positive
Software issues make it unusable.,negative
"The item works fine, but nothing outstanding.",neutral
"Waste of money, do not recommend.",negative
It serves the purpose adequately.,neutral
"The item works fine, but nothing outstanding.",neutral
A decent product if you are not expecting much.,neutral
It arrived late with scratches.,negative
"Packaging was standard, nothing to note.",neutral
"Great build quality, feels premium.",positive
It serves the purpose adequately.,neutral
It's acceptable for the price point.,neutral
Fantastic quality and fast delivery.,positive
Very flimsy and cheap material.,negative
Lightweight and very comfortable to use.,positive
It serves the purpose adequately.,neutral
It's acceptable for the price point.,neutral
Software issues make it unusable.,negative
"The item works fine, but nothing outstanding.",neutral
"Not as described, quality is poor.",negative
"Very satisfied with the purchase, worth the price.",positive
Packaging was neat and secure.,positive
Does not perform as advertised.,negative
"The build quality is moderate, not premium.",neutral
"Packaging was standard, nothing to note.",neutral
"Waste of money, do not recommend.",negative
"Works exactly as described, happy with it.",positive
"Stopped working within a week, very disappointed.",negative
The product looks as shown in the pictures.,neutral
Usable but lacks advanced features.,neutral
Does not perform as advertised.,negative
Customer support was very responsive.,positive
Very useful and easy to operate.,positive
Quality is fair considering the price.,neutral
"I got what I paid for, nothing more.",neutral
"Neither too good nor too bad, just fine.",neutral
Very useful and easy to operate.,positive
Usable but lacks advanced features.,neutral
Stopped charging within a month.,negative
"The item works fine, but nothing outstanding.",neutral
The item broke after a few uses.,negative
Very useful and easy to operate.,positive
"Basic functionality, does the job.",neutral
Sound quality is crisp and clear.,positive
"Neither too good nor too bad, just fine.",neutral
It's an okay option for temporary use.,neutral
The product looks as shown in the pictures.,neutral
"Battery drains very quickly, poor performance.",negative
"Perfect for daily use, reliable.",positive
Satisfactory for occasional use.,neutral
"Stopped working within a week, very disappointed.",negative
"Perfect for daily use, reliable.",positive
It is very efficient and saves time.,positive
"It makes a lot of noise, annoying to use.",negative
Customer support was unhelpful.,negative
"Exceeded my expectations, will buy again.",positive
"Great build quality, feels premium.",positive
It performs decently for general use.,neutral
Very durable and well-made product.,positive
It's acceptable for the price point.,neutral
Lightweight and very comfortable to use.,positive
"Very satisfied with the purchase, worth the price.",positive
"Leaks water, not worth the price.",negative
"Exceeded my expectations, will buy again.",positive
Quality is fair considering the price.,neutral
Quality is fair considering the price.,neutral
It is very efficient and saves time.,positive
Lightweight and very comfortable to use.,positive
"Works exactly as described, happy with it.",positive
"Good value, I use it every day.",positive
Very flimsy and cheap material.,negative
Usable but lacks advanced features.,neutral
"Stopped working within a week, very disappointed.",negative
"Exceeded my expectations, will buy again.",positive
The product arrived damaged and used.,negative
"Functionality is standard, neither good nor bad.",neutral
"Packaging was standard, nothing to note.",neutral
It is very efficient and saves time.,positive
"The build quality is moderate, not premium.",neutral
Fantastic quality and fast delivery.,positive
Quality is fair considering the price.,neutral
"The product smells bad, cannot use it.",negative
A decent product if you are not expecting much.,neutral
Satisfactory for occasional use.,neutral
Buttons are not working properly.,negative
It performs decently for general use.,neutral
"Waste of money, do not recommend.",negative
It serves the purpose adequately.,neutral
"Delivery was on time, as expected.",neutral
Quality is fair considering the price.,neutral
Packaging was neat and secure.,positive
Stopped charging within a month.,negative
"Works exactly as described, happy with it.",positive
Very useful and easy to operate.,positive
"Absolutely love this product, highly recommended!",positive
"Great build quality, feels premium.",positive
"Stopped working within a week, very disappointed.",negative
The color and design are beautiful.,positive
Installation was quick and easy.,positive
Satisfactory for occasional use.,neutral
Highly recommend for anyone looking for quality.,positive
"I got what I paid for, nothing more.",neutral
Stopped charging within a month.,negative
Satisfactory for occasional use.,neutral
It's acceptable for the price point.,neutral
It performs decently for general use.,neutral
Buttons are not working properly.,negative
Customer support was unhelpful.,negative
Battery life is excellent and long-lasting.,positive
Usable but lacks advanced features.,neutral
"Absolutely love this product, highly recommended!",positive
The color and design are beautiful.,positive
Fantastic quality and fast delivery.,positive
It arrived late with scratches.,negative
It is very efficient and saves time.,positive
Software issues make it unusable.,negative
"Basic functionality, does the job.",neutral
It serves the purpose adequately.,neutral
"Average quality, meets basic expectations.",neutral
"Good value, I use it every day.",positive
"Basic functionality, does the job.",neutral
A decent product if you are not expecting much.,neutral
"Leaks water, not worth the price.",negative
It serves the purpose adequately.,neutral

Customer support was very responsive.,positive
Does not perform as advertised.,negative
Buttons are not working properly.,negative
Battery life is excellent and long-lasting.,positive
"I got what I paid for, nothing more.",neutral
Usable but lacks advanced features.,neutral
The product looks as shown in the pictures.,neutral
"Stopped working within a week, very disappointed.",negative
"Delivery was on time, as expected.",neutral
It is very efficient and saves time.,positive
It serves the purpose adequately.,neutral
"Packaging was standard, nothing to note.",neutral
It is very efficient and saves time.,positive
Customer support was very responsive.,positive
"Basic functionality, does the job.",neutral
Lightweight and very comfortable to use.,positive
Battery life is excellent and long-lasting.,positive
It's acceptable for the price point.,neutral
"It makes a lot of noise, annoying to use.",negative
"Very satisfied with the purchase, worth the price.",positive
It's acceptable for the price point.,neutral
"It makes a lot of noise, annoying to use.",negative
"Exceeded my expectations, will buy again.",positive
"Absolutely love this product, highly recommended!",positive
It performs decently for general use.,neutral
"I got what I paid for, nothing more.",neutral
It's acceptable for the price point.,neutral
Customer support was unhelpful.,negative
Neutral experience with this purchase.,neutral
It arrived late with scratches.,negative
The product looks as shown in the pictures.,neutral
Packaging was neat and secure.,positive
Satisfactory for occasional use.,neutral
Stopped charging within a month.,negative
"The build quality is moderate, not premium.",neutral
Completely stopped working after a week.,negative
Highly recommend for anyone looking for quality.,positive
It performs decently for general use.,neutral
Neutral experience with this purchase.,neutral
It serves the purpose adequately.,neutral
"Waste of money, do not recommend.",negative
"The product smells bad, cannot use it.",negative
Satisfactory for occasional use.,neutral
Satisfactory for occasional use.,neutral
It's acceptable for the price point.,neutral
"The product is okay, nothing special.",neutral
It is very efficient and saves time.,positive
"The product is okay, nothing special.",neutral
"Had missing parts, very frustrating.",negative
"Average quality, meets basic expectations.",neutral
"Overheats quickly, unsafe to use.",negative
A decent product if you are not expecting much.,neutral
"Delivery was on time, as expected.",neutral
Very durable and well-made product.,positive
"Perfect for daily use, reliable.",positive
Sound quality is crisp and clear.,positive
Customer support was very responsive.,positive
Very flimsy and cheap material.,negative
Lightweight and very comfortable to use.,positive
"Color faded after one wash, very low quality.",negative
It is very efficient and saves time.,positive
The product looks as shown in the pictures.,neutral
Very flimsy and cheap material.,negative
Highly recommend for anyone looking for quality.,positive
Packaging was neat and secure.,positive
Very useful and easy to operate.,positive
Completely stopped working after a week.,negative
Satisfactory for occasional use.,neutral
Neutral experience with this purchase.,neutral
Very flimsy and cheap material.,negative
The product looks as shown in the pictures.,neutral
Neutral experience with this purchase.,neutral
It serves the purpose adequately.,neutral
It's an okay option for temporary use.,neutral
Neutral experience with this purchase.,neutral
Very useful and easy to operate.,positive
Completely stopped working after a week.,negative
Does not perform as advertised.,negative
The color and design are beautiful.,positive
"Functionality is standard, neither good nor bad.",neutral
"Basic functionality, does the job.",neutral
"It makes a lot of noise, annoying to use.",negative
"Color faded after one wash, very low quality.",negative
"The build quality is moderate, not premium.",neutral
Satisfactory for occasional use.,neutral
Very durable and well-made product.,positive
"Basic functionality, does the job.",neutral
"Very satisfied with the purchase, worth the price.",positive
"Average quality, meets basic expectations.",neutral
"Overheats quickly, unsafe to use.",negative
Usable but lacks advanced features.,neutral
Buttons are not working properly.,negative
It is very efficient and saves time.,positive
Installation was quick and easy.,positive
It's an okay option for temporary use.,neutral
"The product is okay, nothing special.",neutral
"The item works fine, but nothing outstanding.",neutral
Software issues make it unusable.,negative
Satisfactory for occasional use.,neutral
"Waste of money, do not recommend.",negative
Completely stopped working after a week.,negative
"Had missing parts, very frustrating.",negative
Buttons are not working properly.,negative
Satisfactory for occasional use.,neutral
"Delivery was on time, as expected.",neutral
Buttons are not working properly.,negative
It's an okay option for temporary use.,neutral
Lightweight and very comfortable to use.,positive
It performs decently for general use.,neutral
It arrived late with scratches.,negative
It's an okay option for temporary use.,neutral
"Overheats quickly, unsafe to use.",negative
Camera quality is excellent for the price.,positive
Fantastic quality and fast delivery.,positive
"Great build quality, feels premium.",positive
Very durable and well-made product.,positive
The product arrived damaged and used.,negative
It is very efficient and saves time.,positive
"Absolutely love this product, highly recommended!",positive
"Stopped working within a week, very disappointed.",negative
Quality is fair considering the price.,neutral
Very flimsy and cheap material.,negative
"Exceeded my expectations, will buy again.",positive
Quality is fair considering the price.,neutral
"Leaks water, not worth the price.",negative
"Stopped working within a week, very disappointed.",negative
Installation was quick and easy.,positive
"Delivery was on time, as expected.",neutral
Highly recommend for anyone looking for quality.,positive
It arrived late with scratches.,negative
Buttons are not working properly.,negative
A decent product if you are not expecting much.,neutral
Lightweight and very comfortable to use.,positive
"Absolutely love this product, highly recommended!",positive
"Battery drains very quickly, poor performance.",negative
"Battery drains very quickly, poor performance.",negative
It's an okay option for temporary use.,neutral
Neutral experience with this purchase.,neutral
It performs decently for general use.,neutral
Fantastic quality and fast delivery.,positive
"The item works fine, but nothing outstanding.",neutral
It serves the purpose adequately.,neutral
"Average quality, meets basic expectations.",neutral
"Leaks water, not worth the price.",negative
"Neither too good nor too bad, just fine.",neutral
"Battery drains very quickly, poor performance.",negative
"The build quality is moderate, not premium.",neutral
"Perfect for daily use, reliable.",positive
"Stopped working within a week, very disappointed.",negative
It's an okay option for temporary use.,neutral
Completely stopped working after a week.,negative
Software issues make it unusable.,negative
"Not as described, quality is poor.",negative
"Average quality, meets basic expectations.",neutral
"Great build quality, feels premium.",positive
Software issues make it unusable.,negative
"Waste of money, do not recommend.",negative
"Leaks water, not worth the price.",negative
Stopped charging within a month.,negative
Very flimsy and cheap material.,negative
"Basic functionality, does the job.",neutral
Sound quality is crisp and clear.,positive
Does not perform as advertised.,negative
Very durable and well-made product.,positive
Neutral experience with this purchase.,neutral
"The product smells bad, cannot use it.",negative
"Great build quality, feels premium.",positive
Software issues make it unusable.,negative
"Exceeded my expectations, will buy again.",positive
"Overheats quickly, unsafe to use.",negative
"Works exactly as described, happy with it.",positive
"The product is okay, nothing special.",neutral
Camera quality is excellent for the price.,positive
"Waste of money, do not recommend.",negative
Battery life is excellent and long-lasting.,positive
"Great build quality, feels premium.",positive
"Good value, I use it every day.",positive
Stopped charging within a month.,negative
It arrived late with scratches.,negative
"Not as described, quality is poor.",negative
"The item works fine, but nothing outstanding.",neutral
Installation was quick and easy.,positive
Customer support was very responsive.,positive
"I got what I paid for, nothing more.",neutral
Customer support was unhelpful.,negative
Customer support was very responsive.,positive
"Overheats quickly, unsafe to use.",negative
"Not as described, quality is poor.",negative
The color and design are beautiful.,positive
The product arrived damaged and used.,negative
"I got what I paid for, nothing more.",neutral
Fantastic quality and fast delivery.,positive
"Good value, I use it every day.",positive
"Good value, I use it every day.",positive
"Not as described, quality is poor.",negative
Very durable and well-made product.,positive
"Good value, I use it every day.",positive
Quality is fair considering the price.,neutral
Installation was quick and easy.,positive
It arrived late with scratches.,negative
it is bad,negative
it is terrible,negative
worst product,negative
